Service Code,Service Code Description,Is Current,2024/25 ICB Delegation Status,2025/26 ICB Delegation Status,2026/27 Delegation status,Grouping
NCBPS23G,ADULT ATAXIA TELANGIECTASIA SERVICES,1,RED,RED,RED,ACUTE
NCBPSG23,ADULT ATAXIA TELANGIECTASIA SERVICES,0,NOT APPLICABLE,NOT APPLICABLE,NOT APPLICABLE,ACUTE
NCBPS13X,ADULT CONGENITAL HEART DISEASE SERVICES (NON-SURGICAL),1,GREEN,GREEN,GREEN,ACUTE
NCBPS13Y,ADULT CONGENITAL HEART DISEASE SURGICAL SERVICES,1,GREEN,GREEN,GREEN,ACUTE
NCBPSACC,ADULT CRITICAL CARE,1,GREEN,GREEN,GREEN,ACUTE
NCBPSACN,ADULT CRITICAL CARE NETWORK,1,BLUE,BLUE,BLUE,ACUTE
NCBPSACT,ADULT CRITICAL CARE TRANSFER SERVICE,1,GREEN,GREEN,GREEN,ACUTE
NCBPS18J,ADULT HIGH CONSEQUENCE INFECTIOUS AIRBORNE DISEASE SERVICE,1,RED,RED,RED,ACUTE
NCBPS18L,ADULT HIGH CONSEQUENCE INFECTIOUS CONTACT DISEASE SERVICE,1,RED,RED,RED,ACUTE
NCBPS39A,ADULT OESOPHAGEAL GASTRIC SERVICES IN THE FORM OF GASTRO-ELECTRICAL STIMULATION FOR PATIENTS WITH INTRACTABLE GASTROPARESIS,1,RED,RED,RED,ACUTE
NCBPS29X,ADULT PECTUS SURGERY,1,RED,RED,RED,ACUTE
NCBPS29X_TOP,ADULT PECTUS SURGERY - TOP UP,1,BLUE,BLUE,BLUE,ACUTE
NCBPS29G,ADULT PRIMARY CILIARY DYSKINESIA MANAGEMENT SERVICE,1,RED,RED,RED,ACUTE
NCBPS13B,ADULT SPECIALIST CARDIAC SERVICES: CARDIAC ELECTROPHYSIOLOGY AND ABLATION,1,GREEN,GREEN,GREEN,ACUTE
NCBPS13E,ADULT SPECIALIST CARDIAC SERVICES: CARDIAC SURGERY (INPATIENT),1,GREEN,GREEN,GREEN,ACUTE
NCBPS13E_TOP,ADULT SPECIALIST CARDIAC SERVICES: CARDIAC SURGERY (INPATIENT) - TOP UP,1,BLUE,BLUE,BLUE,ACUTE
NCBPS13Z,ADULT SPECIALIST CARDIAC SERVICES: CARDIAC SURGERY (OUTPATIENT),1,GREEN,GREEN,GREEN,ACUTE
NCBPS13A,ADULT SPECIALIST CARDIAC SERVICES: COMPLEX DEVICE THERAPY,1,GREEN,GREEN,GREEN,ACUTE
NCBPS13C,ADULT SPECIALIST CARDIAC SERVICES: INHERITED CARDIAC CONDITIONS,1,GREEN,GREEN,GREEN,ACUTE
NCBPS13C_TOP,ADULT SPECIALIST CARDIAC SERVICES: INHERITED CARDIAC CONDITIONS - TOP UP,1,BLUE,BLUE,BLUE,ACUTE
NCBPS13K,ADULT SPECIALIST CARDIAC SERVICES: OTHER CARDIAC SERVICES,0,NOT APPLICABLE,NOT APPLICABLE,NOT APPLICABLE,ACUTE
NCBPS13F,ADULT SPECIALIST CARDIAC SERVICES: PPCI FOR ST- ELEVATION MYOCARDIAL INFARCTION,1,GREEN,GREEN,GREEN,ACUTE
NCBPS13F_TOP,ADULT SPECIALIST CARDIAC SERVICES: PPCI FOR ST- ELEVATION MYOCARDIAL INFARCTION - TOP UP,1,BLUE,BLUE,BLUE,ACUTE
NCBPS13T,ADULT SPECIALIST CARDIAC SERVICES: TRANSCATHETER AORTIC VALVE REPLACEMENT (TAVI),1,GREEN,GREEN,GREEN,ACUTE
NCBPS13T_TOP,ADULT SPECIALIST CARDIAC SERVICES: TRANSCATHETER AORTIC VALVE REPLACEMENT (TAVI) - TOP UP,1,BLUE,BLUE,BLUE,ACUTE
NCBPS22E,ADULT SPECIALIST EATING DISORDER SERVICES,1,AMBER,GREEN,GREEN,MENTAL HEALTH
NCBPS27Z,ADULT SPECIALIST ENDOCRINOLOGY SERVICES,1,GREEN,GREEN,GREEN,ACUTE
CCGPS08S_EXC,ADULT SPECIALIST NEUROSCIENCES SERVICES: CCG SERVICES,1,NOT APPLICABLE,NOT APPLICABLE,NOT APPLICABLE,NOT APPLICABLE
NCBPS08T,ADULT SPECIALIST NEUROSCIENCES SERVICES: MECHANICAL THROMBECTOMY,1,GREEN,GREEN,GREEN,ACUTE
NCBPS08T_TOP,ADULT SPECIALIST NEUROSCIENCES SERVICES: MECHANICAL THROMBECTOMY - TOP UP,1,BLUE,BLUE,BLUE,ACUTE
NCBPS08O,ADULT SPECIALIST NEUROSCIENCES SERVICES: NEUROLOGY,1,GREEN,GREEN,GREEN,ACUTE
NCBPS08O_TOP,ADULT SPECIALIST NEUROSCIENCES SERVICES: NEUROLOGY - TOP UP,1,BLUE,BLUE,BLUE,ACUTE
NCBPS08P,ADULT SPECIALIST NEUROSCIENCES SERVICES: NEUROPHYSIOLOGY,1,GREEN,GREEN,GREEN,ACUTE
NCBPS08R,ADULT SPECIALIST NEUROSCIENCES SERVICES: NEURORADIOLOGY,1,GREEN,GREEN,GREEN,ACUTE
NCBPS08S,ADULT SPECIALIST NEUROSCIENCES SERVICES: NEUROSURGERY,1,GREEN,GREEN,GREEN,ACUTE
NCBPS08E,ADULT SPECIALIST NEUROSCIENCES SERVICES: NEUROSURGERY - LOW VOLUME PROCEDURES (NATIONAL),0,NOT APPLICABLE,NOT APPLICABLE,NOT APPLICABLE,ACUTE
NCBPS08G,ADULT SPECIALIST NEUROSCIENCES SERVICES: NEUROSURGERY - LOW VOLUME PROCEDURES (NEUROSCIENCE CENTRES),0,NOT APPLICABLE,NOT APPLICABLE,NOT APPLICABLE,ACUTE
NCBPS08F,ADULT SPECIALIST NEUROSCIENCES SERVICES: NEUROSURGERY - LOW VOLUME PROCEDURES (REGIONAL),0,NOT APPLICABLE,NOT APPLICABLE,NOT APPLICABLE,ACUTE
NCBPS08S_TOP,ADULT SPECIALIST NEUROSCIENCES SERVICES: NEUROSURGERY - TOP UP,1,BLUE,BLUE,BLUE,ACUTE
NCBPS37Z,ADULT SPECIALIST OPHTHALMOLOGY SERVICES,1,GREEN,GREEN,GREEN,ACUTE
NCBPS34R,ADULT SPECIALIST ORTHOPAEDIC SERVICES: ORTHOPAEDIC REVISIONS,1,GREEN,GREEN,GREEN,ACUTE
NCBPS34A,ADULT SPECIALIST ORTHOPAEDIC SERVICES: SPECIALIST ORTHOPAEDIC SURGERY,1,GREEN,GREEN,GREEN,ACUTE
NCBPS34A_TOP,ADULT SPECIALIST ORTHOPAEDIC SERVICES: SPECIALIST ORTHOPAEDIC SURGERY - TOP UP,1,BLUE,BLUE,BLUE,ACUTE
NCBPS31Z,ADULT SPECIALIST PAIN MANAGEMENT SERVICES,1,GREEN,GREEN,GREEN,ACUTE
NCBPS13G,ADULT SPECIALIST PULMONARY HYPERTENSION SERVICES,1,RED,RED,RED,ACUTE
NCBPS11C,ADULT SPECIALIST RENAL SERVICES: ACCESS FOR RENAL DIALYSIS,1,GREEN,GREEN,GREEN,ACUTE
NCBPS11B,ADULT SPECIALIST RENAL SERVICES: RENAL DIALYSIS,1,GREEN,GREEN,GREEN,ACUTE
NCBPS11T,ADULT SPECIALIST RENAL SERVICES: RENAL TRANSPLANTATION,1,AMBER,GREEN,GREEN,ACUTE
NCBPS29M,ADULT SPECIALIST RESPIRATORY SERVICES: INTERSTITIAL LUNG DISEASE,1,GREEN,GREEN,GREEN,ACUTE
NCBPS29E,ADULT SPECIALIST RESPIRATORY SERVICES: MANAGEMENT OF CENTRAL AIRWAY OBSTRUCTION,1,AMBER,GREEN,GREEN,ACUTE
NCBPS29E_TOP,ADULT SPECIALIST RESPIRATORY SERVICES: MANAGEMENT OF CENTRAL AIRWAY OBSTRUCTION - TOP UP,1,BLUE,BLUE,BLUE,ACUTE
NCBPS29A,ADULT SPECIALIST RESPIRATORY SERVICES: PULMONARY VASCULAR SERVICES,0,NOT APPLICABLE,NOT APPLICABLE,NOT APPLICABLE,ACUTE
NCBPS29S,ADULT SPECIALIST RESPIRATORY SERVICES: SEVERE ASTHMA,1,GREEN,GREEN,GREEN,ACUTE
NCBPS26Z,ADULT SPECIALIST RHEUMATOLOGY SERVICES,1,GREEN,GREEN,GREEN,ACUTE
NCBPS14A,ADULT SPECIALIST SERVICES FOR PEOPLE LIVING WITH HIV,1,GREEN,GREEN,GREEN,ACUTE
NCBPS30Z,ADULT SPECIALIST VASCULAR SERVICES,1,GREEN,GREEN,GREEN,ACUTE
NCBPS30Z_TOP,ADULT SPECIALIST VASCULAR SERVICES - TOP UP,1,BLUE,BLUE,BLUE,ACUTE
NCBPS29B,ADULT THORACIC SURGERY SERVICES: COMPLEX THORACIC SURGERY,1,GREEN,GREEN,GREEN,ACUTE
NCBPS29B_TOP,ADULT THORACIC SURGERY SERVICES: COMPLEX THORACIC SURGERY - TOP UP,1,BLUE,BLUE,BLUE,ACUTE
NCBPS29Z,ADULT THORACIC SURGERY SERVICES: OUTPATIENTS,1,GREEN,GREEN,GREEN,ACUTE
NCBPS02C,ADVANCED THERAPY MEDICINAL PRODUCTS (ATMPS),1,AMBER,RED,RED,ACUTE
NCBPS20A,ALKAPTONURIA SERVICE,1,RED,RED,RED,ACUTE
NCBPS29H,ALPHA 1 ANTITRYPSIN SERVICES,1,RED,RED,RED,ACUTE
NCBPSH23,ALSTRÖM SYNDROME SERVICE (ADULTS AND CHILDREN),1,RED,RED,RED,ACUTE
NCBPS37C,ARTIFICIAL EYE SERVICE,1,GREEN,GREEN,GREEN,ACUTE
NCBPS23J,ATAXIA TELANGIECTASIA SERVICE FOR CHILDREN,1,RED,RED,RED,ACUTE
NCBPSJ23,ATAXIA TELANGIECTASIA SERVICE FOR CHILDREN,0,NOT APPLICABLE,NOT APPLICABLE,NOT APPLICABLE,ACUTE
NCBPS11A,ATYPICAL HAEMOLYTIC URAEMIC SYNDROME SERVICES (ADULTS AND CHILDREN),1,RED,RED,RED,ACUTE
NCBPS32E,AUDITORY BRAINSTEM IMPLANTS FOR CHILDREN,1,RED,RED,RED,ACUTE
NCBPS16A,AUTOIMMUNE PAEDIATRIC GUT SYNDROMES SERVICE,1,RED,RED,RED,ACUTE
NCBPS12A,AUTOLOGOUS INTESTINAL RECONSTRUCTION SERVICE FOR ADULTS,1,RED,RED,RED,ACUTE
NCBPS20B,BARDET-BIEDL SYNDROME SERVICE (ADULTS AND CHILDREN),1,RED,RED,RED,ACUTE
NCBPS36A,BARTH SYNDROME SERVICE (ADULTS AND CHILDREN),1,RED,RED,RED,ACUTE
NCBPS36B,BECKWITH-WIEDEMANN SYNDROME WITH MACROGLOSSIA SERVICE (CHILDREN),1,RED,RED,RED,ACUTE
NCBPS16B,BEHÇET’S SYNDROME SERVICE (ADULTS AND ADOLESCENTS),1,RED,RED,RED,ACUTE
NCBPS19C,BILIARY TRACT CANCER SURGERY (ADULTS),1,GREEN,GREEN,GREEN,ACUTE
NCBPS19C_TOP,BILIARY TRACT CANCER SURGERY (ADULTS) - TOP UP,1,BLUE,BLUE,BLUE,ACUTE
NCBPSD23,BLADDER EXSTROPHY SERVICE (CHILDREN),1,RED,RED,RED,ACUTE
NCBPS32B,BONE CONDUCTION HEARING IMPLANT SERVICE: BONE ANCHORED HEARING AIDS SERVICES (ADULTS AND CHILDREN),1,GREEN,GREEN,GREEN,ACUTE
NCBPS32D,BONE CONDUCTION HEARING IMPLANT SERVICE: MIDDLE EAR IMPLANTABLE HEARING AIDS SERVICE (ADULTS AND CHILDREN),1,GREEN,GREEN,GREEN,ACUTE
NCBPS51B,BRACHYTHERAPY (ADULTS),1,GREEN,GREEN,GREEN,ACUTE
NCBPS09N,BURNS NETWORK,1,BLUE,BLUE,BLUE,ACUTE
NCBPS13H,CARDIAC MAGNETIC RESONANCE IMAGING,1,GREEN,GREEN,GREEN,ACUTE
NCBPS13U,CARDIAC NETWORK,1,BLUE,BLUE,BLUE,ACUTE
NCBPS03C,CASTLEMAN DISEASE,1,AMBER,GREEN,GREEN,ACUTE
NCBPS01C,CHEMOTHERAPY SERVICES,1,GREEN,GREEN,GREEN,ACUTE
NCBPS22N,CHILDREN AND YOUNG PEOPLE'S GENDER PROVIDER COLLABORATIVE,1,BLUE,BLUE,BLUE,ACUTE
NCBPS51M,CHILDRENS AND TEENAGE YOUNG ADULTS CANCER NETWORK,1,BLUE,BLUE,BLUE,ACUTE
NCBPS73M,CHILDREN'S EPILEPSY SURGERY SERVICE,1,RED,RED,RED,ACUTE
NCBPS73M_TOP,CHILDREN'S EPILEPSY SURGERY SERVICE - TOP UP,1,BLUE,BLUE,BLUE,ACUTE
NCBPS01I,CHORIOCARCINOMA SERVICE (ADULTS AND ADOLESCENTS),1,RED,RED,RED,ACUTE
NCBPS29Q,CHRONIC PULMONARY ASPERGILLOSIS SERVICE (ADULTS),1,RED,RED,RED,ACUTE
NCBPS15Z,CLEFT LIP AND PALATE SERVICES (ADULTS AND CHILDREN),1,GREEN,GREEN,GREEN,ACUTE
NCBPS20Z,CLINICAL GENOMIC SERVICES (ADULTS AND CHILDREN),1,AMBER,RED,RED,ACUTE
NCBPS36F,CLN2 DISEASE,1,RED,RED,RED,ACUTE
NCBPS32A,COCHLEAR IMPLANTATION SERVICES (ADULTS AND CHILDREN),1,GREEN,GREEN,GREEN,ACUTE
NCBPSK23,COMPLEX CHILDHOOD OSTEOGENESIS IMPERFECTA SERVICE,1,RED,RED,RED,ACUTE
NCBPSM23,COMPLEX EHLERS DANLOS SYNDROME SERVICE (ADULTS AND CHILDREN),1,RED,RED,RED,ACUTE
NCBPS29V,COMPLEX HOME VENTILATION (ADULTS),1,AMBER,GREEN,GREEN,ACUTE
NCBPS08A,COMPLEX NEUROFIBROMATOSIS TYPE 1 SERVICE (ADULTS AND CHILDREN),1,RED,RED,RED,ACUTE
NCBPS34C,COMPLEX ORTHOPAEDICS: HUB AND MDT FUNDING,1,BLUE,BLUE,BLUE,ACUTE
NCBPS06Z,COMPLEX SPINAL SURGERY SERVICES (EXCLUDING NEUROSURGERY) (ADULTS AND CHILDREN),1,GREEN,GREEN,GREEN,ACUTE
NCBPS06Z_TOP,COMPLEX SPINAL SURGERY SERVICES (EXCLUDING NEUROSURGERY) (ADULTS AND CHILDREN) - TOP UP,1,BLUE,BLUE,BLUE,ACUTE
NCBPS08Z,COMPLEX SPINAL SURGERY SERVICES (NEUROSURGERY) (ADULTS AND CHILDREN),1,GREEN,GREEN,GREEN,ACUTE
NCBPS08Z_TOP,COMPLEX SPINAL SURGERY SERVICES (NEUROSURGERY) (ADULTS AND CHILDREN) - TOP UP,1,BLUE,BLUE,BLUE,ACUTE
NCBPS04N,COMPLEX TERMINATION NETWORK,1,BLUE,BLUE,BLUE,ACUTE
NCBPS04P,COMPLEX TERMINATION OF PREGNANCY,1,GREEN,GREEN,GREEN,ACUTE
NCBPSB23,COMPLEX TRACHEAL DISEASE SERVICE (CHILDREN),1,RED,RED,RED,ACUTE
NCBPS13W,CONGENITAL HEART DISEASE NETWORK,1,BLUE,BLUE,BLUE,ACUTE
NCBPSN23,CONGENITAL HYPERINSULINISM SERVICE (CHILDREN),1,RED,RED,RED,ACUTE
NCBPS15A,CRANIOFACIAL SERVICE (ADULTS AND CHILDREN),1,RED,RED,RED,ACUTE
NCBPS08K,CREUTZFELDT-JAKOB DISEASE,1,RED,RED,RED,ACUTE
NCBPS44D,"CRYOPRESERVATION: ADVICE, GUIDANCE AND CO-ORDINATION",1,RED,RED,RED,ACUTE
NCBPS44B,CRYOPRESERVATION: TISSUE CRYOPRESERVATION,1,RED,RED,RED,ACUTE
NCBPS44C,CRYOPRESERVATION: TISSUE RESTORATION,1,RED,RED,RED,ACUTE
NCBPS02A,CRYOPYRIN ASSOCIATED PERIODIC SYNDROME SERVICE (ADULTS AND CHILDREN),1,RED,RED,RED,ACUTE
NCBPS10Z,CYSTIC FIBROSIS SERVICES (ADULTS AND CHILDREN),1,AMBER,GREEN,GREEN,ACUTE
NCBPS36E,CYSTINOSIS,1,RED,RED,RED,ACUTE
NCBPS33E,CYTOREDUCTIVE SURGERY AND HYPERTHERMIC INTRAPERITONEAL CHEMOTHERAPY FOR COLORECTAL CANCER,1,RED,RED,RED,ACUTE
NCBPS02B,DIAGNOSTIC AND TREATMENT MANAGEMENT SERVICE FOR AMYLOIDOSIS (ADULTS AND CHILDREN),1,RED,RED,RED,ACUTE
NCBPS29D,DIAGNOSTIC SERVICE FOR PRIMARY CILIARY DYSKINESIA (ADULTS AND CHILDREN),1,RED,RED,RED,ACUTE
NCBPS08B,DIAGNOSTIC SERVICE FOR RARE NEUROMUSCULAR DISORDERS (ADULTS AND CHILDREN),1,RED,RED,RED,ACUTE
NCBPS34D,DIRECT SKELETAL FIXATION (ADULTS),1,RED,RED,RED,ACUTE
NCBPS33D,DISTAL SACRECTOMY FOR ADVANCED AND RECURRENT RECTAL CANCER,1,GREEN,GREEN,GREEN,ACUTE
NCBPS24D,DNA NUCLEOTIDE EXCISION REPAIR DISORDERS SERVICE,1,RED,RED,RED,ACUTE
NCBPS24B,DNA NUCLEOTIDE EXCISION REPAIR DISORDERS SERVICE (ADULTS AND CHILDREN),0,NOT APPLICABLE,NOT APPLICABLE,NOT APPLICABLE,ACUTE
NCBPS11D,ENCAPSULATING PERITONEAL SCLEROSIS TREATMENT SERVICE (ADULTS),1,RED,RED,RED,ACUTE
NCBPS24A,EPIDERMOLYSIS BULLOSA SERVICE (ADULTS AND CHILDREN),1,RED,RED,RED,ACUTE
NCBPS29F,EXTRA CORPOREAL MEMBRANE OXYGENATION SERVICE FOR ADULTS WITH RESPIRATORY FAILURE,1,RED,RED,RED,ACUTE
NCBPSR23,"EXTRA CORPOREAL MEMBRANE OXYGENATION SERVICE FOR NEONATES, INFANTS AND CHILDREN WITH RESPIRATORY FAILURE",1,RED,RED,RED,ACUTE
NCBPSECP,EXTRACORPOREAL PHOTOPHERESIS SERVICE,1,AMBER,GREEN,GREEN,ACUTE
NCBPS01D,EX-VIVO PARTIAL NEPHRECTOMY SERVICE (ADULTS),1,RED,RED,RED,ACUTE
NCBPS73F,FETAL EXPOSURE TO MEDICATIONS (FEM) SERVICE,1,RED,RED,RED,ACUTE
NCBPS04C,FETAL MEDICINE SERVICES (ADULTS AND ADOLESCENTS),1,GREEN,GREEN,GREEN,ACUTE
NCBPS22Z,GENDER DYSPHORIA (ADULT),0,NOT APPLICABLE,NOT APPLICABLE,NOT APPLICABLE,MENTAL HEALTH
NCBPS42C,GENDER DYSPHORIA SERVICES - CHEST SURGERY (TRANS MASCULINE) (ADULTS),1,AMBER,RED,RED,ACUTE
NCBPS42A,GENDER DYSPHORIA SERVICES - GENITAL SURGERY (TRANS FEMININE) (ADULTS),1,AMBER,RED,RED,ACUTE
NCBPS42B,GENDER DYSPHORIA SERVICES - GENITAL SURGERY (TRANS MASCULINE) (ADULTS),1,AMBER,RED,RED,ACUTE
NCBPS42D,GENDER DYSPHORIA SERVICES - NON-SURGICAL SERVICES (ADULTS),1,AMBER,RED,RED,ACUTE
NCBPS42E,GENDER DYSPHORIA SERVICES - OTHER SURGICAL SERVICES (ADULTS),1,AMBER,RED,RED,ACUTE
NCBPS22A,GENDER DYSPHORIA SERVICES (CHILDREN AND ADOLESCENTS),1,AMBER,RED,RED,ACUTE
NCBPS20G,GENOMIC LABORATORY TESTING SERVICES,1,AMBER,RED,RED,ACUTE
NCBPS02Z,HAEMATOPOIETIC STEM CELL TRANSPLANTATION SERVICES (ADULTS AND CHILDREN),1,AMBER,GREEN,GREEN,ACUTE
NCBPS38X,HAEMOGLOBINOPATHIES COORDINATING CENTRES (HCCS),1,BLUE,BLUE,BLUE,ACUTE
NCBPS03P,HAEMOPHILIA PSYCHOLOGICAL SUPPORT SERVICE,1,RED,RED,RED,ACUTE
NCBPS40A,HAND AND UPPER LIMB TRANSPLANTATION SERVICE (ADULTS),1,RED,RED,RED,ACUTE
NCBPS61M,HEAD AND NECK CANCER SURGERY (ADULTS),1,GREEN,GREEN,GREEN,ACUTE
NCBPS61M_TOP,HEAD AND NECK CANCER SURGERY (ADULTS) - TOP UP,1,BLUE,BLUE,BLUE,ACUTE
NCBPS13N,HEART AND LUNG TRANSPLANTATION SERVICE: HEART AND LUNG TRANSPLANTATION (ADULTS AND CHILDREN),1,RED,RED,RED,ACUTE
NCBPS13V,HEART AND LUNG TRANSPLANTATION SERVICE: VENTRICULAR ASSIST DEVICES (ADULTS AND CHILDREN),1,RED,RED,RED,ACUTE
NCBPS18N,HEPATITIS C NETWORK,1,BLUE,BLUE,BLUE,ACUTE
NCBPS18K,HIGH CONSEQUENCE INFECTIOUS AIRBORNE DISEASE SERVICE FOR CHILDREN,1,RED,RED,RED,ACUTE
NCBPS18M,HIGH CONSEQUENCE INFECTIOUS CONTACT DISEASE SERVICE FOR CHILDREN,1,RED,RED,RED,ACUTE
NCBPS04B,HIGHLY SPECIALIST ADULT GYNAECOLOGICAL SURGERY AND URINARY SURGERY SERVICES FOR FEMALES,0,NOT APPLICABLE,NOT APPLICABLE,NOT APPLICABLE,ACUTE
NCBPS18D,HUMAN T- CELL LYMPHOTROPIC VIRUS TYPE 1 AND 2,1,RED,RED,RED,ACUTE
NCBPS28Z,HYPERBARIC OXYGEN TREATMENT SERVICES (ADULTS AND CHILDREN),1,RED,RED,RED,ACUTE
NCBPS18P,INFECTIOUS DISEASE NETWORK,1,BLUE,BLUE,BLUE,ACUTE
NCBPS18U,INFECTIOUS DISEASES ISOLATION UNIT,1,RED,RED,RED,ACUTE
NCBPS43A,INHERITED WHITE MATTER DISORDERS DIAGNOSTIC AND MANAGEMENT SERVICE FOR ADULTS,1,RED,RED,RED,ACUTE
NCBPS43C,INHERITED WHITE MATTER DISORDERS DIAGNOSTIC AND MANAGEMENT SERVICE FOR CHILDREN,1,RED,RED,RED,ACUTE
NCBPS27A,INSULIN-RESISTANT DIABETES SERVICE (ADULTS AND CHILDREN),1,RED,RED,RED,ACUTE
NCBPS51A,INTERVENTIONAL ONCOLOGY (ADULTS),1,GREEN,GREEN,GREEN,ACUTE
NCBPS27B,ISLET TRANSPLANTATION SERVICE (ADULTS),1,RED,RED,RED,ACUTE
NCBPS34J,JOINT PRESERVATION SURGERY,1,RED,RED,RED,ACUTE
NCBPS04H,LATE TERMINATION OF PREGNANCY,0,NOT APPLICABLE,NOT APPLICABLE,NOT APPLICABLE,ACUTE
NCBPS37E,LIMBAL CELL TREATMENT (HOLOCLAR),1,RED,RED,RED,ACUTE
NCBPS19M,LIVER CANCER SURGERY (ADULTS),1,GREEN,GREEN,GREEN,ACUTE
NCBPS19M_TOP,LIVER CANCER SURGERY (ADULTS) - TOP UP,1,BLUE,BLUE,BLUE,ACUTE
NCBPS19T,LIVER TRANSPLANTATION SERVICE (ADULTS AND CHILDREN),1,RED,RED,RED,ACUTE
NCBPSLDX,LIVING DONOR EXPENSES (TRANSPLANT SERVICES),1,BLUE,BLUE,BLUE,ACUTE
NCBPS29L,LUNG VOLUME REDUCTION,1,GREEN,GREEN,GREEN,ACUTE
NCBPS29C,LYMPHANGIOLEIOMYOMATOSIS SERVICE (ADULTS),1,RED,RED,RED,ACUTE
NCBPS36C,LYSOSOMAL STORAGE DISORDER SERVICE (ADULTS AND CHILDREN),1,RED,RED,RED,ACUTE
NCBPS34N,MAJOR TRAUMA NETWORK,1,BLUE,BLUE,BLUE,ACUTE
NCBPS34T,MAJOR TRAUMA SERVICES (ADULTS AND CHILDREN),1,GREEN,GREEN,GREEN,ACUTE
NCBPS04E,MATERNAL MEDICINE COMPLICATIONS OF PREGNANCY,0,NOT APPLICABLE,NOT APPLICABLE,NOT APPLICABLE,ACUTE
NCBPS26A,MCARDLE'S DISEASE SERVICE (ADULTS),1,RED,RED,RED,ACUTE
NCBPS20D,MITOCHONDRIAL DONATION SERVICE,1,RED,RED,RED,ACUTE
NCBPSMOL,MOLECULAR DIAGNOSTICS SERVICE,1,AMBER,RED,RED,ACUTE
NCBPS51C,MOLECULAR ONCOLOGY (ADULTS),1,GREEN,GREEN,GREEN,ACUTE
NCBPS08V,MR-GUIDED LASER INTERSTITIAL THERMAL THERAPY (MRGLITT) (ADULTS),1,RED,RED,RED,ACUTE
NCBPS08V_TOP,MR-GUIDED LASER INTERSTITIAL THERMAL THERAPY (MRGLITT) (ADULTS) - TOP UP,1,BLUE,BLUE,BLUE,ACUTE
NCBPS08W,MR-GUIDED LASER INTERSTITIAL THERMAL THERAPY (MRGLITT) (CHILDREN),1,RED,RED,RED,ACUTE
NCBPS08W_TOP,MR-GUIDED LASER INTERSTITIAL THERMAL THERAPY (MRGLITT) (CHILDREN) - TOP UP,1,BLUE,BLUE,BLUE,ACUTE
NCBPS13D,MUCOPOLYSACCHARIDOSES SERVICE,1,RED,RED,RED,ACUTE
NCBPS73T,MULTIPLE SCLEROSIS MANAGEMENT SERVICE FOR CHILDREN,1,RED,RED,RED,ACUTE
NCBPST23,MULTIPLE SCLEROSIS MANAGEMENT SERVICE FOR CHILDREN,0,NOT APPLICABLE,NOT APPLICABLE,NOT APPLICABLE,ACUTE
NCBPS38Z,NATIONAL HAEMOGLOBINOPATHY PANEL (NHP),1,BLUE,BLUE,BLUE,ACUTE
NCBPSNIN,NEONATAL CRITICAL CARE NETWORK,1,BLUE,BLUE,BLUE,ACUTE
NCBPSNIC,NEONATAL CRITICAL CARE SERVICES,1,GREEN,GREEN,GREEN,ACUTE
NCBPS08D,NEUROMYELITIS OPTICA SERVICE (ADULTS AND ADOLESCENTS),1,RED,RED,RED,ACUTE
NCBPS08Y,NEUROPSYCHIATRY SERVICES (ADULTS AND CHILDREN),1,GREEN,GREEN,GREEN,MENTAL HEALTH
NCBPS58L,NEUROSURGERY LVHC LOCAL: ANTERIOR LUMBER FUSION,1,GREEN,GREEN,GREEN,ACUTE
NCBPS58L_TOP,NEUROSURGERY LVHC LOCAL: ANTERIOR LUMBER FUSION - TOP UP,1,BLUE,BLUE,BLUE,ACUTE
NCBPS58R,NEUROSURGERY LVHC LOCAL: AWAKE SURGERY FOR REMOVAL OF BRAIN TUMOURS,1,GREEN,GREEN,GREEN,ACUTE
NCBPS58R_TOP,NEUROSURGERY LVHC LOCAL: AWAKE SURGERY FOR REMOVAL OF BRAIN TUMOURS - TOP UP,1,BLUE,BLUE,BLUE,ACUTE
NCBPS58N,NEUROSURGERY LVHC LOCAL: INTRAVENTRICULAR TUMOURS RESECTION,1,GREEN,GREEN,GREEN,ACUTE
NCBPS58N_TOP,NEUROSURGERY LVHC LOCAL: INTRAVENTRICULAR TUMOURS RESECTION - TOP UP,1,BLUE,BLUE,BLUE,ACUTE
NCBPS58Q,NEUROSURGERY LVHC LOCAL: MICROVASCULAR DECOMPRESSION FOR TRIGEMINAL NEURALGIA,1,GREEN,GREEN,GREEN,ACUTE
NCBPS58Q_TOP,NEUROSURGERY LVHC LOCAL: MICROVASCULAR DECOMPRESSION FOR TRIGEMINAL NEURALGIA - TOP UP,1,BLUE,BLUE,BLUE,ACUTE
NCBPS58M,NEUROSURGERY LVHC LOCAL: REMOVAL OF INTRAMEDULLARY SPINAL TUMOURS,1,GREEN,GREEN,GREEN,ACUTE
NCBPS58M_TOP,NEUROSURGERY LVHC LOCAL: REMOVAL OF INTRAMEDULLARY SPINAL TUMOURS - TOP UP,1,BLUE,BLUE,BLUE,ACUTE
NCBPS58S,NEUROSURGERY LVHC LOCAL: REMOVAL OF PITUITARY TUMOURS INCLUDING FOR CUSHING’S AND ACROMEGALY,1,GREEN,GREEN,GREEN,ACUTE
NCBPS58S_TOP,NEUROSURGERY LVHC LOCAL: REMOVAL OF PITUITARY TUMOURS INCLUDING FOR CUSHING’S AND ACROMEGALY - TOP UP,1,BLUE,BLUE,BLUE,ACUTE
NCBPS58O,NEUROSURGERY LVHC LOCAL: SURGICAL REPAIR OF ANEURYSMS (SURGICAL CLIPPING),1,GREEN,GREEN,GREEN,ACUTE
NCBPS58O_TOP,NEUROSURGERY LVHC LOCAL: SURGICAL REPAIR OF ANEURYSMS (SURGICAL CLIPPING) - TOP UP,1,BLUE,BLUE,BLUE,ACUTE
NCBPS58P,NEUROSURGERY LVHC LOCAL: THORACIC DISCECTOMY,1,GREEN,GREEN,GREEN,ACUTE
NCBPS58P_TOP,NEUROSURGERY LVHC LOCAL: THORACIC DISCECTOMY - TOP UP,1,BLUE,BLUE,BLUE,ACUTE
NCBPS58B,NEUROSURGERY LVHC NATIONAL: EC-IC BYPASS(COMPLEX/HIGH FLOW),1,GREEN,GREEN,GREEN,ACUTE
NCBPS58B_TOP,NEUROSURGERY LVHC NATIONAL: EC-IC BYPASS(COMPLEX/HIGH FLOW) - TOP UP,1,BLUE,BLUE,BLUE,ACUTE
NCBPS58A,NEUROSURGERY LVHC NATIONAL: SURGICAL REMOVAL OF CLIVAL CHORDOMA AND CHONDROSARCOMA,1,GREEN,GREEN,GREEN,ACUTE
NCBPS58A_TOP,NEUROSURGERY LVHC NATIONAL: SURGICAL REMOVAL OF CLIVAL CHORDOMA AND CHONDROSARCOMA - TOP UP,1,BLUE,BLUE,BLUE,ACUTE
NCBPS58C,NEUROSURGERY LVHC NATIONAL: TRANSORAL EXCISION OF DENS,1,GREEN,GREEN,GREEN,ACUTE
NCBPS58C_TOP,NEUROSURGERY LVHC NATIONAL: TRANSORAL EXCISION OF DENS - TOP UP,1,BLUE,BLUE,BLUE,ACUTE
NCBPS58D,NEUROSURGERY LVHC REGIONAL: ANTERIOR SKULL BASED TUMOURS,1,GREEN,GREEN,GREEN,ACUTE
NCBPS58D_TOP,NEUROSURGERY LVHC REGIONAL: ANTERIOR SKULL BASED TUMOURS - TOP UP,1,BLUE,BLUE,BLUE,ACUTE
NCBPS58G,NEUROSURGERY LVHC REGIONAL: DEEP BRAIN STIMULATION,1,GREEN,GREEN,GREEN,ACUTE
NCBPS58G_TOP,NEUROSURGERY LVHC REGIONAL: DEEP BRAIN STIMULATION - TOP UP,1,BLUE,BLUE,BLUE,ACUTE
NCBPS58J,NEUROSURGERY LVHC REGIONAL: EPILEPSY,1,GREEN,GREEN,GREEN,ACUTE
NCBPS58J_TOP,NEUROSURGERY LVHC REGIONAL: EPILEPSY - TOP UP,1,BLUE,BLUE,BLUE,ACUTE
NCBPS58K,NEUROSURGERY LVHC REGIONAL: INSULA GLIOMA’S/ COMPLEX LOW GRADE GLIOMA’S,1,GREEN,GREEN,GREEN,ACUTE
NCBPS58K_TOP,NEUROSURGERY LVHC REGIONAL: INSULA GLIOMA’S/ COMPLEX LOW GRADE GLIOMA’S - TOP UP,1,BLUE,BLUE,BLUE,ACUTE
NCBPS58E,NEUROSURGERY LVHC REGIONAL: LATERAL SKULL BASED TUMOURS,1,GREEN,GREEN,GREEN,ACUTE
NCBPS58E_TOP,NEUROSURGERY LVHC REGIONAL: LATERAL SKULL BASED TUMOURS - TOP UP,1,BLUE,BLUE,BLUE,ACUTE
NCBPS58H,NEUROSURGERY LVHC REGIONAL: PINEAL TUMOUR SURGERIES - RESECTION,1,GREEN,GREEN,GREEN,ACUTE
NCBPS58H_TOP,NEUROSURGERY LVHC REGIONAL: PINEAL TUMOUR SURGERIES - RESECTION - TOP UP,1,BLUE,BLUE,BLUE,ACUTE
NCBPS58I,NEUROSURGERY LVHC REGIONAL: REMOVAL OF ARTERIOVENOUS MALFORMATIONS OF THE NERVOUS SYSTEM,1,GREEN,GREEN,GREEN,ACUTE
NCBPS58I_TOP,NEUROSURGERY LVHC REGIONAL: REMOVAL OF ARTERIOVENOUS MALFORMATIONS OF THE NERVOUS SYSTEM - TOP UP,1,BLUE,BLUE,BLUE,ACUTE
NCBPS58F,NEUROSURGERY LVHC REGIONAL: SURGICAL REMOVAL OF BRAINSTEM LESIONS,1,GREEN,GREEN,GREEN,ACUTE
NCBPS58F_TOP,NEUROSURGERY LVHC REGIONAL: SURGICAL REMOVAL OF BRAINSTEM LESIONS - TOP UP,1,BLUE,BLUE,BLUE,ACUTE
NCBPS08N,NEUROSURGERY NETWORK,1,BLUE,BLUE,BLUE,ACUTE
NCBPSNSD,NEW SERVICE DEVELOPMENTS AND CLINICAL POLICIES (TEMPORARILY RETAINED),1,RED,RED,RED,BOTH
NCBPS08C,NF2-SCHWANNOMATOSIS SERVICE (ADULTS AND CHILDREN),1,RED,RED,RED,ACUTE
NCBAFXXX,NHS ENGLAND - ARMED FORCES,1,NOT APPLICABLE,NOT APPLICABLE,NOT APPLICABLE,NOT APPLICABLE
NCBCDXXX,NHS ENGLAND - CANCER DRUG FUND,1,NOT APPLICABLE,NOT APPLICABLE,NOT APPLICABLE,NOT APPLICABLE
NCBHJXXX,NHS ENGLAND - HEALTH IN JUSTICE,1,NOT APPLICABLE,NOT APPLICABLE,NOT APPLICABLE,NOT APPLICABLE
NCBHCXXX,NHS ENGLAND - HEPATITIS C,1,NOT APPLICABLE,NOT APPLICABLE,NOT APPLICABLE,NOT APPLICABLE
NCBIMXXX,NHS ENGLAND - INNOVATIVE MEDICINES FUND,1,NOT APPLICABLE,NOT APPLICABLE,NOT APPLICABLE,NOT APPLICABLE
NCBPSHST,NHS ENGLAND - OTHER HOSTED SERVICES,1,BLUE,BLUE,BLUE,BOTH
NCBSDXXX,NHS ENGLAND - SECONDARY DENTAL,1,NOT APPLICABLE,NOT APPLICABLE,NOT APPLICABLE,NOT APPLICABLE
NCBPSXXX,NHS ENGLAND - SPECIALISED SERVICE BUT NOT ATTRIBUTABLE,1,NOT APPLICABLE,NOT APPLICABLE,NOT APPLICABLE,BOTH
99999999,NON-NHS ENGLAND DIRECTLY-COMMISSIONED SERVICE,1,NOT APPLICABLE,NOT APPLICABLE,NOT APPLICABLE,NOT APPLICABLE
NCBPS01H,OCULAR ONCOLOGY SERVICE (ADULTS),1,RED,RED,RED,ACUTE
NCBPS61U,OESOPHAGEAL AND GASTRIC CANCER SURGERY (ADULTS),1,GREEN,GREEN,GREEN,ACUTE
NCBPS61U_TOP,OESOPHAGEAL AND GASTRIC CANCER SURGERY (ADULTS) - TOP UP,1,BLUE,BLUE,BLUE,ACUTE
NCBPS22O,OFFENDER PERSONALITY DISORDER,1,RED,RED,RED,MENTAL HEALTH
NCBPSU23,OPEN FOETAL SURGERY TO TREAT FOETUSES WITH OPEN SPINA BIFIDA,1,RED,RED,RED,ACUTE
NCBPS61Q,OPHTHALMIC CANCER SURGERY (ADULTS),1,GREEN,GREEN,GREEN,ACUTE
NCBPS37A,OPHTHALMIC PATHOLOGY SERVICE (ADULTS AND CHILDREN),1,RED,RED,RED,ACUTE
NCBPS37B,OSTEO-ODONTO-KERATOPROSTHESIS SERVICE FOR CORNEAL BLINDNESS (ADULTS),1,RED,RED,RED,ACUTE
NCBPS44A,OVARIAN AND TESTICULAR TISSUE CRYOPRESERVATION FOR PATIENTS RECEIVING GONADOTOXIC TREATMENT WHO ARE AT HIGH RISK OF INFERTILITY AND CANNOT STORE MATURE EGGS OR SPERM,1,RED,RED,RED,ACUTE
NCBPSF23,PAEDIATRIC AND PERINATAL POST MORTEM SERVICES,1,AMBER,RED,RED,ACUTE
NCBPS23B,PAEDIATRIC CARDIAC SERVICES,1,GREEN,GREEN,GREEN,ACUTE
NCBPS23B_TOP,PAEDIATRIC CARDIAC SERVICES - TOP UP,1,BLUE,BLUE,BLUE,ACUTE
NCBPSPIN,PAEDIATRIC CRITICAL CARE / SURGERY NETWORK,1,BLUE,BLUE,BLUE,ACUTE
NCBPSPIC,PAEDIATRIC CRITICAL CARE SERVICES,1,GREEN,GREEN,GREEN,ACUTE
NCBPS12B,PAEDIATRIC INTESTINAL PSEUDO-OBSTRUCTIVE DISORDERS SERVICE,1,RED,RED,RED,ACUTE
NCBPS07Y,PAEDIATRIC NEUROREHABILTATION,1,GREEN,GREEN,GREEN,ACUTE
NCBPS29Y,PAEDIATRIC PECTUS SURGERY,1,RED,RED,RED,ACUTE
NCBPS29Y_TOP,PAEDIATRIC PECTUS SURGERY - TOP UP,1,BLUE,BLUE,BLUE,ACUTE
NCBPS01A,PAIN-RELATED COMPLEX CANCER LATE EFFECTS REHABILITATION SERVICE (ADULTS),1,RED,RED,RED,ACUTE
NCBPS27C,PANCREAS TRANSPLANTATION SERVICE (ADULTS),1,RED,RED,RED,ACUTE
NCBPS19Q,PANCREATIC CANCER SURGERY (ADULTS),1,GREEN,GREEN,GREEN,ACUTE
NCBPS19Q_TOP,PANCREATIC CANCER SURGERY (ADULTS) - TOP UP,1,BLUE,BLUE,BLUE,ACUTE
NCBPS03A,PAROXYSMAL NOCTURNAL HAEMOGLOBINURIA SERVICE (ADULTS AND ADOLESCENTS),1,RED,RED,RED,ACUTE
NCBPS29T,PECTUS SURGERY,0,NOT APPLICABLE,NOT APPLICABLE,NOT APPLICABLE,ACUTE
NCBPS51E,PELVIC EXENTERATION SURGERY,1,RED,RED,RED,ACUTE
NCBPS01P,POSITRON EMISSION TOMOGRAPHY-COMPUTED TOMOGRAPHY SERVICES (ADULTS AND CHILDREN),1,AMBER,RED,RED,ACUTE
NCBPS20H,PRE-IMPLANTATION GENETIC DIAGNOSIS AND ASSOCIATED IN-VITRO FERTILISATION SERVICES,1,AMBER,RED,RED,ACUTE
NCBPS29P,PRIMARY CILIARY DYSKINESIA MANAGEMENT SERVICE (ADULTS AND CHILDREN),1,RED,RED,RED,ACUTE
NCBPS01E,PRIMARY MALIGNANT BONE TUMOURS SERVICE,0,NOT APPLICABLE,NOT APPLICABLE,NOT APPLICABLE,ACUTE
NCBPS01O,PRIMARY MALIGNANT BONE TUMOURS SERVICE (ADULTS AND ADOLESCENTS),1,AMBER,RED,RED,ACUTE
NCBPS01O_TOP,PRIMARY MALIGNANT BONE TUMOURS SERVICE (ADULTS AND ADOLESCENTS) - TOP UP,1,BLUE,BLUE,BLUE,ACUTE
NCBPS05P,PROSTHETICS (ADULTS AND CHILDREN),1,GREEN,GREEN,GREEN,ACUTE
NCBPS01B,PROTON BEAM THERAPY SERVICE (ADULTS AND CHILDREN),1,RED,RED,RED,ACUTE
NCBPS01F,PSEUDOMYXOMA PERITONEI SERVICE (ADULTS),1,RED,RED,RED,ACUTE
NCBPS22V,PSYCHOLOGICAL MEDICINE INPATIENT SERVICES FOR SEVERE AND COMPLEX PRESENTATIONS OF MEDICALLY UNEXPLAINED PHYSICAL SYMPTOMS,1,RED,RED,RED,MENTAL HEALTH
NCBPS13J,PULMONARY HYPERTENSION SERVICE FOR CHILDREN,1,RED,RED,RED,ACUTE
NCBPS13M,PULMONARY THROMBOENDARTERECTOMY SERVICE (ADULTS AND ADOLESCENTS),1,RED,RED,RED,ACUTE
NCBPS51N,RADIOTHERAPY NETWORK,1,BLUE,BLUE,BLUE,ACUTE
NCBPS01R,RADIOTHERAPY SERVICES (ADULTS),1,GREEN,GREEN,GREEN,ACUTE
NCBPS51R,RADIOTHERAPY SERVICES (CHILDREN),1,GREEN,GREEN,GREEN,ACUTE
NCBPS36D,RARE MITOCHONDRIAL DISORDERS SERVICE (ADULTS AND CHILDREN),1,RED,RED,RED,ACUTE
NCBPS04L,RECONSTRUCTIVE SURGERY AND CONGENITAL ANOMALIES OF THE FEMALE GENITAL TRACT,1,AMBER,RED,RED,ACUTE
NCBPS11N,RENAL NETWORK,1,BLUE,BLUE,BLUE,ACUTE
NCBPS73S,RENAL TRANSPLANTATION (CHILDREN),1,AMBER,RED,RED,ACUTE
NCBPS01G,RETINOBLASTOMA SERVICE (CHILDREN),1,RED,RED,RED,ACUTE
NCBPS22U,SECURE AND SPECIALISED MENTAL HEALTH SERVICES (ADULT) (HIGH),1,RED,RED,RED,MENTAL HEALTH
NCBPS22S,SECURE AND SPECIALISED MENTAL HEALTH SERVICES (ADULT) (MEDIUM AND LOW),0,AMBER,NOT APPLICABLE,NOT APPLICABLE,MENTAL HEALTH
NCBPS22SA,SECURE AND SPECIALISED MENTAL HEALTH SERVICES (ADULT) (MEDIUM) - EXCLUDING WEMS / ABI / DEAF,1,AMBER,GREEN,GREEN,MENTAL HEALTH
NCBPS22SB,SECURE AND SPECIALISED MENTAL HEALTH SERVICES (ADULT) (MEDIUM) - WEMS / ABI / DEAF,1,AMBER,RED,RED,MENTAL HEALTH
NCBPS22SC,SECURE AND SPECIALISED MENTAL HEALTH SERVICES (ADULT) (LOW) - EXCLUDING WEMS / ABI / DEAF,1,AMBER,GREEN,GREEN,MENTAL HEALTH
NCBPS22SD,SECURE AND SPECIALISED MENTAL HEALTH SERVICES (ADULT) (LOW) - WEMS / ABI / DEAF,1,AMBER,RED,RED,MENTAL HEALTH
NCBPS22SE,SECURE AND SPECIALISED MENTAL HEALTH SERVICES (ADULT) COMMUNITY FORENSIC ,1,AMBER,GREEN,GREEN,MENTAL HEALTH
NCBPS22SF,SECURE AND SPECIALISED MENTAL HEALTH SERVICES (ADULT) ASSESSMENT - EXCLUDING WEMS / ABI / DEAF,1,AMBER,GREEN,GREEN,MENTAL HEALTH
NCBPS22SG,SECURE AND SPECIALISED MENTAL HEALTH SERVICES (ADULT) ASSESSMENT - WEMS / ABI / DEAF,1,AMBER,RED,RED,MENTAL HEALTH
NCBPS08J,SELECTIVE DORSAL RHIZOTOMY,1,GREEN,GREEN,GREEN,ACUTE
NCBPS08J_TOP,SELECTIVE DORSAL RHIZOTOMY - TOP UP,1,BLUE,BLUE,BLUE,ACUTE
NCBPS27D,SEVERE ACUTE PORPHYRIA SERVICE (ADULTS AND CHILDREN),1,RED,RED,RED,ACUTE
NCBPS16C,SEVERE COMBINED IMMUNODEFICIENCY AND RELATED DISORDERS SERVICE (CHILDREN),1,RED,RED,RED,ACUTE
NCBPS12C,SEVERE INTESTINAL FAILURE SERVICE,0,NOT APPLICABLE,NOT APPLICABLE,NOT APPLICABLE,ACUTE
NCBPS12Z,SEVERE INTESTINAL FAILURE SERVICE (ADULTS),1,AMBER,RED,RED,ACUTE
NCBPS12Y,SEVERE INTESTINAL FAILURE SERVICE HPN ON-COSTS (ADULTS),1,AMBER,RED,RED,ACUTE
NCBPS22H,SEVERE OBSESSIVE COMPULSIVE DISORDER AND BODY DYSMORPHIC DISORDER (CHILD),0,NOT APPLICABLE,NOT APPLICABLE,NOT APPLICABLE,MENTAL HEALTH
NCBPS22F,SEVERE OBSESSIVE COMPULSIVE DISORDER AND BODY DYSMORPHIC DISORDER SERVICE (ADULTS AND ADOLESCENTS),1,AMBER,RED,RED,MENTAL HEALTH
NCBPS12D,SMALL BOWEL TRANSPLANTATION SERVICE (ADULTS AND CHILDREN),1,RED,RED,RED,ACUTE
NCBPSYYY,SPECIALISED MENTAL HEALTH SERVICES EXCEPTIONAL PACKAGES OF CARE,1,AMBER,RED,RED,MENTAL HEALTH
NCBPS04K,SPECIALISED SERVICES FOR WOMEN WITH COMPLICATIONS OF MESH INSERTED FOR URINARY INCONTINENCE AND VAGINAL PROLAPSE (16 YEARS AND ABOVE),1,AMBER,RED,RED,ACUTE
NCBPS04D,SPECIALIST ADULT GYNAECOLOGICAL SURGERY SERVICES: COMPLEX URINARY INCONTINENCE AND GENITAL PROLAPSE,1,GREEN,GREEN,GREEN,ACUTE
NCBPS04A,SPECIALIST ADULT GYNAECOLOGICAL SURGERY SERVICES: SEVERE ENDOMETRIOSIS,1,GREEN,GREEN,GREEN,ACUTE
NCBPS04J,SPECIALIST ADULT GYNAECOLOGICAL SURGERY SERVICES: URINARY FISTULA,1,RED,RED,RED,ACUTE
NCBPS41P,SPECIALIST ADULT UROLOGICAL SURGERY SERVICES: PENILE IMPLANTS,1,GREEN,GREEN,GREEN,ACUTE
NCBPS41S,SPECIALIST ADULT UROLOGICAL SURGERY SERVICES: SURGICAL SPERM REMOVAL,1,GREEN,GREEN,GREEN,ACUTE
NCBPS41U,SPECIALIST ADULT UROLOGICAL SURGERY SERVICES: URETHRAL RECONSTRUCTION,1,GREEN,GREEN,GREEN,ACUTE
NCBPS17Z,SPECIALIST ALLERGY SERVICES (ADULTS AND CHILDREN),1,GREEN,GREEN,GREEN,ACUTE
NCBPS05C,SPECIALIST AUGMENTATIVE AND ALTERNATIVE COMMUNICATION AIDS (ADULTS AND CHILDREN),1,AMBER,GREEN,GREEN,ACUTE
NCBPS18E,SPECIALIST BONE AND JOINT INFECTION,1,GREEN,GREEN,GREEN,ACUTE
NCBPS09Z,SPECIALIST BURN CARE SERVICES,0,NOT APPLICABLE,NOT APPLICABLE,NOT APPLICABLE,ACUTE
NCBPS09A,SPECIALIST BURN CARE SERVICES (ADULTS),1,RED,RED,RED,ACUTE
NCBPS09C,SPECIALIST BURN CARE SERVICES (CHILDREN),1,RED,RED,RED,ACUTE
NCBPS23A,SPECIALIST CANCER SERVICES FOR CHILDREN AND YOUNG ADULTS: PAEDIATRIC CANCER,1,GREEN,GREEN,GREEN,ACUTE
NCBPS23A_TOP,SPECIALIST CANCER SERVICES FOR CHILDREN AND YOUNG ADULTS: PAEDIATRIC CANCER - TOP UP,1,BLUE,BLUE,BLUE,ACUTE
NCBPS01T,SPECIALIST CANCER SERVICES FOR CHILDREN AND YOUNG ADULTS: YOUNG ADULTS,1,GREEN,GREEN,GREEN,ACUTE
NCBPS01T_TOP,SPECIALIST CANCER SERVICES FOR CHILDREN AND YOUNG ADULTS: YOUNG ADULTS - TOP UP,1,BLUE,BLUE,BLUE,ACUTE
NCBPS27E,SPECIALIST CANCER SERVICES: ADRENAL CANCER (ADULTS),1,GREEN,GREEN,GREEN,ACUTE
NCBPS01J,SPECIALIST CANCER SERVICES: ANAL CANCER (ADULTS),1,GREEN,GREEN,GREEN,ACUTE
NCBPS01V,SPECIALIST CANCER SERVICES: BILIARY TRACT CANCER (ADULTS),1,GREEN,GREEN,GREEN,ACUTE
NCBPS04F,SPECIALIST CANCER SERVICES: GYNAECOLOGICAL CANCER (ADULTS),1,GREEN,GREEN,GREEN,ACUTE
NCBPS01M,SPECIALIST CANCER SERVICES: HEAD AND NECK CANCER (ADULTS),1,GREEN,GREEN,GREEN,ACUTE
NCBPS01M_TOP,SPECIALIST CANCER SERVICES: HEAD AND NECK CANCER (ADULTS) - TOP UP,1,BLUE,BLUE,BLUE,ACUTE
NCBPS01N,"SPECIALIST CANCER SERVICES: KIDNEY, BLADDER AND PROSTATE CANCER (ADULTS)",1,GREEN,GREEN,GREEN,ACUTE
NCBPS01W,SPECIALIST CANCER SERVICES: LIVER CANCER (ADULTS),1,GREEN,GREEN,GREEN,ACUTE
NCBPS01K,SPECIALIST CANCER SERVICES: MALIGNANT MESOTHELIOMA (ADULTS),1,GREEN,GREEN,GREEN,ACUTE
NCBPS01U,SPECIALIST CANCER SERVICES: OESOPHAGEAL AND GASTRIC CANCER (ADULTS),1,GREEN,GREEN,GREEN,ACUTE
NCBPS01U_TOP,SPECIALIST CANCER SERVICES: OESOPHAGEAL AND GASTRIC CANCER (ADULTS) - TOP UP,1,BLUE,BLUE,BLUE,ACUTE
NCBPS01Y,SPECIALIST CANCER SERVICES: OTHER CANCERS (ADULTS),1,GREEN,GREEN,GREEN,ACUTE
NCBPS01Y_TOP,SPECIALIST CANCER SERVICES: OTHER CANCERS (ADULTS) - TOP UP,1,BLUE,BLUE,BLUE,ACUTE
NCBPS19V,SPECIALIST CANCER SERVICES: PANCREATIC CANCER (ADULTS),1,GREEN,GREEN,GREEN,ACUTE
NCBPS19V_TOP,SPECIALIST CANCER SERVICES: PANCREATIC CANCER (ADULTS) - TOP UP,1,BLUE,BLUE,BLUE,ACUTE
NCBPS01X,SPECIALIST CANCER SERVICES: PENILE CANCER (ADULTS),1,AMBER,GREEN,GREEN,ACUTE
NCBPS01X_TOP,SPECIALIST CANCER SERVICES: PENILE CANCER (ADULTS) - TOP UP,1,BLUE,BLUE,BLUE,ACUTE
NCBPS01Q,SPECIALIST CANCER SERVICES: RARE BRAIN AND CNS CANCER (ADULTS),1,GREEN,GREEN,GREEN,ACUTE
NCBPS24Y,SPECIALIST CANCER SERVICES: SKIN CANCER (ADULTS),1,GREEN,GREEN,GREEN,ACUTE
NCBPS01L,SPECIALIST CANCER SERVICES: SOFT CELL CANCER (ADULTS),1,AMBER,RED,RED,ACUTE
NCBPS01L_TOP,SPECIALIST CANCER SERVICES: SOFT CELL CANCER (ADULTS) - TOP UP,1,BLUE,BLUE,BLUE,ACUTE
NCBPS01Z,SPECIALIST CANCER SERVICES: TESTICULAR CANCER (ADULTS),1,GREEN,GREEN,GREEN,ACUTE
NCBPS01Z_TOP,SPECIALIST CANCER SERVICES: TESTICULAR CANCER (ADULTS) - TOP UP,1,BLUE,BLUE,BLUE,ACUTE
NCBPS33B,SPECIALIST COLORECTAL SURGERY SERVICES: COMPLEX INFLAMMATORY BOWEL DISEASE (ADULTS),1,GREEN,GREEN,GREEN,ACUTE
NCBPS33A,SPECIALIST COLORECTAL SURGERY SERVICES: COMPLEX SURGERY FOR INCONTINENCE (ADULTS),1,GREEN,GREEN,GREEN,ACUTE
NCBPS33R,SPECIALIST COLORECTAL SURGERY SERVICES: RECTOPEXY MESH REMOVAL (ADULTS),1,AMBER,RED,RED,ACUTE
NCBPS33C,SPECIALIST COLORECTAL SURGERY SERVICES: TRANSANAL ENDOSCOPIC MICROSURGERY (ADULTS),1,GREEN,GREEN,GREEN,ACUTE
NCBPS33C_TOP,SPECIALIST COLORECTAL SURGERY SERVICES: TRANSANAL ENDOSCOPIC MICROSURGERY (ADULTS) - TOP UP,1,BLUE,BLUE,BLUE,ACUTE
NCBPS23P,SPECIALIST DENTISTRY SERVICES FOR CHILDREN,1,GREEN,GREEN,GREEN,ACUTE
NCBPS23C,SPECIALIST DENTISTRY SERVICES FOR CHILDREN,0,NOT APPLICABLE,NOT APPLICABLE,NOT APPLICABLE,ACUTE
NCBPS23P_TOP,SPECIALIST DENTISTRY SERVICES FOR CHILDREN - TOP UP,1,BLUE,BLUE,BLUE,ACUTE
NCBPS24Z,SPECIALIST DERMATOLOGY SERVICES (ADULTS AND CHILDREN),1,GREEN,GREEN,GREEN,ACUTE
NCBPS23D,"SPECIALIST EAR, NOSE AND THROAT SERVICES FOR CHILDREN",1,GREEN,GREEN,GREEN,ACUTE
NCBPS23D_TOP,"SPECIALIST EAR, NOSE AND THROAT SERVICES FOR CHILDREN - TOP UP",1,BLUE,BLUE,BLUE,ACUTE
NCBPS23E,SPECIALIST ENDOCRINOLOGY AND DIABETES SERVICES FOR CHILDREN,1,GREEN,GREEN,GREEN,ACUTE
NCBPS05E,SPECIALIST ENVIRONMENTAL CONTROLS (ADULTS AND CHILDREN),1,AMBER,GREEN,GREEN,ACUTE
NCBPS23F,"SPECIALIST GASTROENTEROLOGY, HEPATOLOGY AND NUTRITIONAL SUPPORT SERVICES FOR CHILDREN",1,GREEN,GREEN,GREEN,ACUTE
NCBPS23F_TOP,"SPECIALIST GASTROENTEROLOGY, HEPATOLOGY AND NUTRITIONAL SUPPORT SERVICES FOR CHILDREN - TOP UP",1,BLUE,BLUE,BLUE,ACUTE
NCBPS23H,SPECIALIST HAEMATOLOGY SERVICES FOR CHILDREN,1,GREEN,GREEN,GREEN,ACUTE
NCBPS23H_TOP,SPECIALIST HAEMATOLOGY SERVICES FOR CHILDREN - TOP UP,1,BLUE,BLUE,BLUE,ACUTE
NCBPS38Y,SPECIALIST HAEMOGLOBINOPATHIES TEAMS (SHTS),1,BLUE,BLUE,BLUE,ACUTE
NCBPS38S,SPECIALIST HAEMOGLOBINOPATHY SERVICES: SICKLE CELL ANAEMIA (ADULTS AND CHILDREN),1,AMBER,GREEN,GREEN,ACUTE
NCBPS38S_TOP,SPECIALIST HAEMOGLOBINOPATHY SERVICES: SICKLE CELL ANAEMIA (ADULTS AND CHILDREN) - TOP UP,1,BLUE,BLUE,BLUE,ACUTE
NCBPS38T,SPECIALIST HAEMOGLOBINOPATHY SERVICES: THALASSEMIA (ADULTS AND CHILDREN),1,AMBER,GREEN,GREEN,ACUTE
NCBPS16X,SPECIALIST IMMUNOLOGY SERVICES FOR ADULTS WITH DEFICIENT IMMUNE SYSTEMS,1,AMBER,GREEN,GREEN,ACUTE
NCBPS16Y,SPECIALIST IMMUNOLOGY SERVICES FOR CHILDREN WITH DEFICIENT IMMUNE SYSTEMS,1,AMBER,GREEN,GREEN,ACUTE
NCBPS16Z,SPECIALIST IMMUNOLOGY SERVICES FOR PATIENTS WITH DEFICIENT IMMUNE SYSTEMS,0,NOT APPLICABLE,NOT APPLICABLE,NOT APPLICABLE,ACUTE
NCBPS04G,SPECIALIST MATERNITY CARE FOR ADULTS DIAGNOSED WITH ABNORMALLY INVASIVE PLACENTA,1,GREEN,GREEN,GREEN,ACUTE
NCBPS22D,SPECIALIST MENTAL HEALTH SERVICES FOR DEAF ADULTS,1,AMBER,RED,RED,MENTAL HEALTH
NCBPS36Z,SPECIALIST METABOLIC DISORDER SERVICES (ADULTS AND CHILDREN),1,GREEN,GREEN,GREEN,ACUTE
NCBPS35Z,SPECIALIST MORBID OBESITY SERVICES FOR CHILDREN,1,GREEN,GREEN,GREEN,ACUTE
NCBPS35Z_TOP,SPECIALIST MORBID OBESITY SERVICES FOR CHILDREN - TOP UP,1,BLUE,BLUE,BLUE,ACUTE
NCBPS23M,SPECIALIST NEUROSCIENCE SERVICES FOR CHILDREN,1,GREEN,GREEN,GREEN,ACUTE
NCBPS23M_TOP,SPECIALIST NEUROSCIENCE SERVICES FOR CHILDREN - TOP UP,1,BLUE,BLUE,BLUE,ACUTE
NCBPS37D,SPECIALIST OPHTHALMOLOGY RETINAL GENE THERAPY,1,RED,RED,RED,ACUTE
NCBPS23N,SPECIALIST OPHTHALMOLOGY SERVICES FOR CHILDREN,1,GREEN,GREEN,GREEN,ACUTE
NCBPS23N_TOP,SPECIALIST OPHTHALMOLOGY SERVICES FOR CHILDREN - TOP UP,1,BLUE,BLUE,BLUE,ACUTE
NCBPS23Q,SPECIALIST ORTHOPAEDIC SERVICES FOR CHILDREN,1,GREEN,GREEN,GREEN,ACUTE
NCBPS23Q_TOP,SPECIALIST ORTHOPAEDIC SERVICES FOR CHILDREN - TOP UP,1,BLUE,BLUE,BLUE,ACUTE
NCBPSC23,SPECIALIST PAEDIATRIC LIVER DISEASE SERVICE,1,RED,RED,RED,ACUTE
NCBPS23X,SPECIALIST PAEDIATRIC SURGERY SERVICES,1,GREEN,GREEN,GREEN,ACUTE
NCBPS73X,SPECIALIST PAEDIATRIC SURGERY SERVICES - GYNAECOLOGY,1,GREEN,GREEN,GREEN,ACUTE
NCBPS73X_TOP,SPECIALIST PAEDIATRIC SURGERY SERVICES - GYNAECOLOGY - TOP UP,1,BLUE,BLUE,BLUE,ACUTE
NCBPS23X_TOP,SPECIALIST PAEDIATRIC SURGERY SERVICES - TOP UP,1,BLUE,BLUE,BLUE,ACUTE
NCBPS23Z,SPECIALIST PAEDIATRIC UROLOGY SERVICES,1,GREEN,GREEN,GREEN,ACUTE
NCBPS23Z_TOP,SPECIALIST PAEDIATRIC UROLOGY SERVICES - TOP UP,1,BLUE,BLUE,BLUE,ACUTE
NCBPS23Y,SPECIALIST PAIN MANAGEMENT SERVICES FOR CHILDREN,1,GREEN,GREEN,GREEN,ACUTE
NCBPSE23,SPECIALIST PALLIATIVE CARE SERVICES FOR CHILDREN AND YOUNG ADULTS,1,GREEN,GREEN,GREEN,ACUTE
NCBPS22P,SPECIALIST PERINATAL MENTAL HEALTH SERVICES (ADULTS AND ADOLESCENTS),1,AMBER,GREEN,GREEN,MENTAL HEALTH
NCBPS23R,SPECIALIST PLASTIC SURGERY SERVICES FOR CHILDREN,1,GREEN,GREEN,GREEN,ACUTE
NCBPS23R_TOP,SPECIALIST PLASTIC SURGERY SERVICES FOR CHILDREN - TOP UP,1,BLUE,BLUE,BLUE,ACUTE
NCBPS07Z,SPECIALIST REHABILITATION SERVICES FOR PATIENTS WITH HIGHLY COMPLEX NEEDS (ADULTS AND CHILDREN),1,GREEN,GREEN,GREEN,ACUTE
NCBPS23S,SPECIALIST RENAL SERVICES FOR CHILDREN,1,GREEN,GREEN,GREEN,ACUTE
NCBPS73D,SPECIALIST RENAL SERVICES FOR CHILDREN: RENAL DIALYSIS,1,RED,RED,RED,ACUTE
NCBPS29R,SPECIALIST RESPIRATORY SERVICES,0,NOT APPLICABLE,NOT APPLICABLE,NOT APPLICABLE,ACUTE
NCBPS23T,SPECIALIST RESPIRATORY SERVICES FOR CHILDREN,1,GREEN,GREEN,GREEN,ACUTE
NCBPS23T_TOP,SPECIALIST RESPIRATORY SERVICES FOR CHILDREN - TOP UP,1,BLUE,BLUE,BLUE,ACUTE
NCBPS23W,SPECIALIST RHEUMATOLOGY SERVICES FOR CHILDREN,1,GREEN,GREEN,GREEN,ACUTE
NCBPS18A,SPECIALIST SERVICES FOR ADULTS WITH INFECTIOUS DISEASES,1,GREEN,GREEN,GREEN,ACUTE
NCBPS18T,SPECIALIST SERVICES FOR ADULTS WITH INFECTIOUS DISEASES: TROPICAL DISEASES,1,AMBER,RED,RED,ACUTE
NCBPS18C,SPECIALIST SERVICES FOR CHILDREN WITH INFECTIOUS DISEASES,1,GREEN,GREEN,GREEN,ACUTE
NCBPS14C,SPECIALIST SERVICES FOR CHILDREN WITH INFECTIOUS DISEASES: HIV,1,RED,RED,RED,ACUTE
NCBPS19B,SPECIALIST SERVICES FOR COMPLEX BILIARY DISEASES IN ADULTS,1,GREEN,GREEN,GREEN,ACUTE
NCBPS19B_TOP,SPECIALIST SERVICES FOR COMPLEX BILIARY DISEASES IN ADULTS - TOP UP,1,BLUE,BLUE,BLUE,ACUTE
NCBPS19L,SPECIALIST SERVICES FOR COMPLEX LIVER DISEASES IN ADULTS,1,GREEN,GREEN,GREEN,ACUTE
NCBPS19L_TOP,SPECIALIST SERVICES FOR COMPLEX LIVER DISEASES IN ADULTS - TOP UP,1,BLUE,BLUE,BLUE,ACUTE
NCBPS19Z,"SPECIALIST SERVICES FOR COMPLEX LIVER, BILIARY AND PANCREATIC DISEASES IN ADULTS",1,GREEN,GREEN,GREEN,ACUTE
NCBPS19Z_TOP,"SPECIALIST SERVICES FOR COMPLEX LIVER, BILIARY AND PANCREATIC DISEASES IN ADULTS - TOP UP",1,BLUE,BLUE,BLUE,ACUTE
NCBPS19P,SPECIALIST SERVICES FOR COMPLEX PANCREATIC DISEASES IN ADULTS,1,GREEN,GREEN,GREEN,ACUTE
NCBPS19P_TOP,SPECIALIST SERVICES FOR COMPLEX PANCREATIC DISEASES IN ADULTS - TOP UP,1,BLUE,BLUE,BLUE,ACUTE
NCBPS03Z,SPECIALIST SERVICES FOR HAEMOPHILIA AND OTHER RELATED BLEEDING DISORDERS,0,NOT APPLICABLE,NOT APPLICABLE,NOT APPLICABLE,ACUTE
NCBPS03X,SPECIALIST SERVICES FOR HAEMOPHILIA AND OTHER RELATED BLEEDING DISORDERS (ADULTS),1,GREEN,GREEN,GREEN,ACUTE
NCBPS03X_TOP,SPECIALIST SERVICES FOR HAEMOPHILIA AND OTHER RELATED BLEEDING DISORDERS (ADULTS) - TOP UP,1,BLUE,BLUE,BLUE,ACUTE
NCBPS03Y,SPECIALIST SERVICES FOR HAEMOPHILIA AND OTHER RELATED BLEEDING DISORDERS (CHILRDREN),1,GREEN,GREEN,GREEN,ACUTE
NCBPS03Y_TOP,SPECIALIST SERVICES FOR HAEMOPHILIA AND OTHER RELATED BLEEDING DISORDERS (CHILRDREN) - TOP UP,1,BLUE,BLUE,BLUE,ACUTE
NCBPS14Z,SPECIALIST SERVICES FOR PATIENTS INFECTED WITH HIV,0,NOT APPLICABLE,NOT APPLICABLE,NOT APPLICABLE,ACUTE
NCBPS22T,SPECIALIST SERVICES FOR SEVERE PERSONALITY DISORDER IN ADULTS,1,AMBER,RED,RED,MENTAL HEALTH
NCBPS05W,SPECIALIST WHEELCHAIR SERVICE,0,NOT APPLICABLE,NOT APPLICABLE,NOT APPLICABLE,ACUTE
NCBPS06M,SPINAL CORD INJURY NETWORK,1,BLUE,BLUE,BLUE,ACUTE
NCBPS06A,SPINAL CORD INJURY SERVICES (ADULTS AND CHILDREN),1,AMBER,RED,RED,ACUTE
NCBPS08M,SPINAL MUSCULAR ATROPHY: GENE THERAPY,1,RED,RED,RED,ACUTE
NCBPS06N,SPINAL SURGERY NETWORK,1,BLUE,BLUE,BLUE,ACUTE
NCBPSP23,STEM CELL TRANSPLANTATION SERVICE FOR JUVENILE IDIOPATHIC ARTHRITIS AND RELATED CONNECTIVE TISSUE DISORDERS (CHILDREN),1,RED,RED,RED,ACUTE
NCBPS01S,STEREOTACTIC RADIOSURGERY/RADIOTHERAPY,1,AMBER,GREEN,GREEN,ACUTE
NCBPS43S,STEVENS-JOHNSON SYNDROME AND TOXIC EPIDERMAL NECROLYSIS (SJS-TEN),1,RED,RED,RED,ACUTE
NCBPS20C,STICKLER SYNDROME SERVICE (ADULTS AND CHILDREN),1,RED,RED,RED,ACUTE
NCBPS61Z,TESTICULAR CANCER SURGERY (ADULTS),1,GREEN,GREEN,GREEN,ACUTE
NCBPS61Z_TOP,TESTICULAR CANCER SURGERY (ADULTS) - TOP UP,1,BLUE,BLUE,BLUE,ACUTE
NCBPS38W,THALASSEMIA HAEMOGLOBINOPATHIES COORDINATING CENTRES (THCCS),1,BLUE,BLUE,BLUE,ACUTE
NCBPS03T,THROMBOTIC THROMBOCYTOPENIC PURPURA,1,RED,RED,RED,ACUTE
NCBPS23V,TIER 4 CHILDREN AND YOUNG PEOPLE'S MENTAL HEALTH SERVICE (ASD),1,AMBER,GREEN,GREEN,MENTAL HEALTH
NCBPS24E,TIER 4 CHILDREN AND YOUNG PEOPLE'S MENTAL HEALTH SERVICE (CHILDRENS SERVICES),1,AMBER,RED,RED,MENTAL HEALTH
NCBPS22B,TIER 4 CHILDREN AND YOUNG PEOPLE'S MENTAL HEALTH SERVICE (DEAF CHILD),1,RED,RED,RED,MENTAL HEALTH
NCBPS23K,TIER 4 CHILDREN AND YOUNG PEOPLE'S MENTAL HEALTH SERVICE (GENERAL ADOLESCENT INCLUDING EATING DISORDERS),1,AMBER,GREEN,GREEN,MENTAL HEALTH
NCBPS23U,TIER 4 CHILDREN AND YOUNG PEOPLE'S MENTAL HEALTH SERVICE (LD),1,AMBER,GREEN,GREEN,MENTAL HEALTH
NCBPS23L,TIER 4 CHILDREN AND YOUNG PEOPLE'S MENTAL HEALTH SERVICE (LOW SECURE),1,AMBER,GREEN,GREEN,MENTAL HEALTH
NCBPS22C,TIER 4 CHILDREN AND YOUNG PEOPLE'S MENTAL HEALTH SERVICE (MEDIUM SECURE),1,AMBER,RED,RED,MENTAL HEALTH
NCBPS23O,TIER 4 CHILDREN AND YOUNG PEOPLE'S MENTAL HEALTH SERVICE (PICU),1,AMBER,GREEN,GREEN,MENTAL HEALTH
NCBPS24C,TIER 4 SPECIALIST SECURE FORENSIC MENTAL HEALTH SERVICES FOR YOUNG PEOPLE,1,AMBER,GREEN,GREEN,MENTAL HEALTH
NCBPS19A,TOTAL PANCREATECTOMY WITH ISLET AUTOTRANSPLANT,1,RED,RED,RED,ACUTE
NCBPS08U,TRANSCRANIAL MAGNETIC RESONANCE GUIDED FOCUSED ULTRASOUND (TCMRGFUS),1,RED,RED,RED,ACUTE
NCBPS04U,UTERINE TRANSPLANTATION SERVICES (ADULTS),1,RED,RED,RED,ACUTE
NCBPSA23,VEIN OF GALEN MALFORMATION SERVICE (ADULTS AND CHILDREN),1,RED,RED,RED,ACUTE
NCBPS22X,VETERANS’ INTEGRATED MENTAL HEALTH AND WELLBEING SERVICE,1,RED,RED,RED,MENTAL HEALTH
NCBPS22G,VETERANS’ MENTAL HEALTH COMPLEX TREATMENT SERVICE,0,NOT APPLICABLE,NOT APPLICABLE,NOT APPLICABLE,MENTAL HEALTH
NCBPS05V,VETERANS’ PROSTHETIC SERVICE,1,RED,RED,RED,ACUTE
NCBPSQ23,WOLFRAM SYNDROME SERVICE (ADULTS AND CHILDREN),1,RED,RED,RED,ACUTE
NCBPS22W,WOMEN'S SECURE PATHWAY TRANSFORMATION,1,BLUE,BLUE,BLUE,MENTAL HEALTH
